{
  "S": -0.19235823953061257,
  "contributions": [
    {
      "key": "fin",
      "label": "재무제표",
      "score": -0.61,
      "age_days": 0.5170875531597222,
      "decay": 0.9960254995443955,
      "weight_raw": 0.24900637488609886,
      "weight_norm": 0.42264321789744963,
      "weighted_score": -0.25781236291744425,
      "note": "000080.KS_layer1_score.md 자동 파싱"
    },
    {
      "key": "news",
      "label": "뉴스",
      "score": 0.4,
      "age_days": 0.5096035732523149,
      "decay": 0.9507905632847828,
      "weight_raw": 0.1901581126569566,
      "weight_norm": 0.3227589521730297,
      "weighted_score": 0.1291035808692119,
      "note": "선정 기사 5건 감성 평균"
    },
    {
      "key": "tech",
      "label": "기술적 분석",
      "score": -0.25,
      "age_days": 0.0,
      "decay": 1.0,
      "weight_raw": 0.15,
      "weight_norm": 0.25459782992952057,
      "weighted_score": -0.06364945748238014,
      "note": "실시간 yfinance 계산"
    }
  ],
  "excluded": [
    "rep"
  ],
  "conflicts": [
    "재무제표(-0.61)과(와) 뉴스(+0.40)가 상반된 신호 (차이 1.01) — 교차 검증 필요",
    "뉴스(+0.40)과(와) 기술적 분석(-0.25)가 상반된 신호 (차이 0.65) — 교차 검증 필요"
  ]
}